nsrr-remap	F
alias	abdomen|"Abd"|"ABD"
alias	annots|"EDF Annotations"
alias	C3_M2|"C3-M2"
alias	C4_M1|"C4-M1"
alias	cap|"Cap"|"CAP"
alias	cchin|"Cchin"|"CChin"|"C Chin"|"CCHIN"
alias	cchin_l|"Chin1-Chin2"
alias	cchin|"C Chin"
alias	cchin|"CCHIN"
alias	cchin_l|"Chin1-Chin2"
alias	DHR|"Derived HR"
alias	E1_M2|"E1-M2"
alias	E2_M1|"E2-M1"
alias	E2_M2|"E2-M2"
alias	ECG|"ECG"
alias	ECG1_ECG2|"ECG1-ECG2"
alias	ECG1_ECG3|"ECG1-ECG3"|"EKG2a-EKG2b"
alias	ECG2_ECG1|"ECG2-ECG1"
alias	ECG3|"ECG3"
alias	ECG3_ECG1|"ECG3-ECG1"
alias	ECG3_ECG2|"ECG3-ECG2"
alias	EMG|"CHIN"
alias	etco2|"EtCO2"|"ETCO2"|
alias	etco2w|"NK EtCO2 Wave"
alias	F3_M2|"F3-M2"
alias	F4_M1|"F4-M1"
alias	flow|"Airflow"|"AirFlow"
alias	gravx|"Gravity X"
alias	gravy|"Gravity Y"
alias	hr|"BPM"|"HEARTRATE"|"HR"
alias	intercos|"IC"|"Intercostal"|"INTERCOSTAL"
alias	larm|"LARM6"|"L-hand"
alias	lchin|"Lchin"|"LChin"|"L Chin"|"LCHIN"
alias	lchin_c|"LChin-CChin"
alias	lchin_r|"Chin2-Chin3"|"LChin-RChin"
alias	leak|"CPAP Leak"|"Leak"|"LEAK"
alias	light|"Light"|"Lights"
alias	lleg|"LLeg"|"LLEG"
alias	lleg1|"LLeg1"|"LLEG1"
alias	lleg1_2|"LLEG1-LLEG2"
alias	lleg2|"LLeg2"|"LLEG2"
alias	nas_pres|"CannulaFlow"|"CannulaFLow"|"CanulaFlow"
alias	O1|"O1-M2"
alias	O2|"O2-M1"
alias	oxstat|"Ox Status"
alias	pap_flow|"CPAP"|"CPAP Flow"|"PAPFlow"
alias	pap_pres|"CPAP Pressure"|"PAPPress"
alias	pap_vol|"CPAP Volume"
alias	phase|"Phase"
alias	pleth|"Pleth"
alias	plethstat|"PulseQuality"
alias	position|"Body"|"Position"|"Pt Position"
alias	PTT|"PTT"
alias	pulse|"PR"|"Pulse"|"PULSE"
alias	rarm|"RARM7"|"R-hand"
alias	rchin|"Rchin"|"RChin"|"R Chin"|"RCHIN"
alias	rchin_c|"RChin-CChin"
alias	resprate|"RespRate"
alias	rleg|"RLeg"|"RLEG"
alias	rleg1|"RLeg1"|"RLEG1"
alias	rleg1_2|"RLEG1-RLEG2"
alias	rleg2|"Rleg2"|"RLeg2"|"RLEG2"
alias	rr|"RR"|"R-R"
alias	snore|"Snore"|"SNORE"
alias	spo2|"SpO2"|"SPO2"
alias	sum|"Sum"|"SUM"
alias	thorax|"Chest"|"CHEST"
alias	tvol|"TVOL"
alias	xflow|"XFlow"
alias	tcco2|TcCO2|TCCO2|TCO2|TCPCO2|Sentec
alias	tcco2|TCCO2#
nsrr-remap	F

%arousals
remap	arousal_standard|"Arousal ()"|"Arousal|Arousal ()"|"Arousal|Arousal (Arousal)"|"Arousal|Arousal (Standard)"|"Arousal|Arousal (STANDARD)"|"ASDA arousal|Arousal (ADSA)"|"ASDA arousal|Arousal (asda)"|"ASDA arousal|Arousal (ASDA)"|"Arousal (Asda)"|"Arousal (ASDA)"
remap	arousal_spontaneous|"Arousal (ARO SPONT)"|"Spontaneous arousal|Arousal (apon aro)"|"Spontaneous arousal|Arousal (ARO SPONT)"|"Spontaneous arousal|Arousal (spon aro)"|"Spontaneous arousal|Arousal (SPON ARO)"
remap	arousal_external|"External arousal|Arousal (External Arousal)"
remap	arousal_respiratory|"Arousal resulting from respiratory effort|Arousal (ARO RES)"|"Arousal resulting from respiratory effort|Arousal (RESP ARO)"|"RERA"|"Arousal (ARO RES)"|"Respiratory effort related arousal|RERA"
remap	arousal_cheshire|"Arousal resulting from Chin EMG|Arousal (Cheshire)"|"Arousal resulting from Chin EMG|Arousal (CHESHIRE)"

%respiratory events
remap	apnea_obstructive|"Obstructive Apnea"|"Obstructive apnea|Obstructive Apnea"
remap	apnea_central|"Central Apnea"|"Central apnea|Central Apnea"
remap	apnea_mixed|"Mixed Apnea"|"Mixed apnea|Mixed Apnea"|"Unsure"|"Unsure|Unsure"
remap	hypopnea|"Hypopnea"
remap	periodic_breathing|"Periodic Breathing"|"Periodic breathing|Periodic Breathing"
remap	respiratory_paradox|"Respiratory Paradox"
remap	desat|"SpO2 desaturation"|"SpO2 desaturation|SpO2 desaturation"

%sleep staging	
remap	NREM1|"Stage 1 sleep|1"
remap	NREM2|"Stage 2 sleep|2"
remap	NREM3|"Stage 3 sleep|3"
remap	NREM4|"Stage 4 sleep|4"
remap	REM|"REM sleep|5"
remap	wake|"Wake"|"Wake|0"
remap	unscored|"Unscored"|"Unscored|9"
remap	movement|"Movement|6"

%plms
remap	plm_left|"Periodic leg movement - left|PLM (Left)"|"PLM (Left)"
remap	plm_right|"Periodic leg movement - right|PLM (Right)"|"PLM (Right)"

%limb movement
remap	lm_left|"Limb Movement (Left)"|"Limb movement - left|Limb Movement (Left)"
remap	lm_right|"Limb Movement (Right)"|"Limb movement - right|Limb Movement (Right)"

%artifacts
remap	artifact_respiratory|"Respiratory artifact|Respiratory artifact"|"Respiratory artifact"
remap	artifact_proximal_ph|"Proximal pH artifact"
remap	artifact_distal_ph|"Distal pH artifact"
remap	artifact_blood_pressure|"Blood pressure artifact"
remap	artifact_tcco2|"TcCO2 artifact"
remap	artifact_spo2|"SpO2 artifact"|"SpO2 artifact|SpO2 artifact"
remap	artifact_etco2|"EtCO2 artifact"|"EtCO2 artifact|EtCO2 artifact"

%misc
remap	bradycardia|"Bradycardia"
remap	tachycardia|"Tachycardia"
remap	tachycardia_narrowcomplex|"Narrow Complex Tachycardia"|"Narrow complex tachycardia|Narrow Complex Tachycardia"
remap	notes|"Technician Notes"
